{"cameraMode":{"drawMode":0,"name":"Shaded","section":"Shading Mode"},"sceneLighting":true,"audioPlay":false,"sceneViewState":{"showFog":true,"showMaterialUpdate":false,"showSkybox":true,"showFlares":true,"showImageEffects":true,"showParticleSystems":true},"in2DMode":false,"pivot":{"x":-0.03022289276123047,"y":-2.1789634227752687,"z":-0.6036891937255859},"rotation":{"x":-0.016206618398427964,"y":0.8374711871147156,"z":0.024872269481420518,"w":0.5456793904304504},"size":6.733014106750488,"orthographic":false}